{"stats":{"minecraft:used":{"minecraft:dirt":4,"minecraft:crafting_table":1},"minecraft:dropped":{"minecraft:oak_log":1},"minecraft:custom":{"minecraft:time_since_rest":10761,"minecraft:crouch_one_cm":864,"minecraft:sprint_one_cm":30058,"minecraft:play_time":10761,"minecraft:damage_taken":60,"minecraft:walk_one_cm":19578,"minecraft:sneak_time":332,"minecraft:mob_kills":3,"minecraft:drop":1,"minecraft:jump":217,"minecraft:damage_dealt":155,"minecraft:leave_game":1,"minecraft:time_since_death":10761,"minecraft:total_world_time":10761,"minecraft:interact_with_crafting_table":6,"minecraft:fall_one_cm":8550,"minecraft:fly_one_cm":42898},"minecraft:killed":{"minecraft:sheep":1,"minecraft:chicken":1},"minecraft:crafted":{"minecraft:oak_planks":8,"minecraft:crafting_table":1,"minecraft:stick":4},"minecraft:picked_up":{"minecraft:chicken":1,"minecraft:oak_log":3,"minecraft:oak_sapling":1,"minecraft:black_wool":1,"minecraft:mutton":1,"minecraft:dirt":4,"minecraft:egg":1},"minecraft:mined":{"minecraft:grass":11,"minecraft:grass_block":3,"minecraft:oak_log":3,"minecraft:dirt":1,"minecraft:oak_leaves":2}},"DataVersion":3465}