{"stats":{"minecraft:used":{"minecraft:chicken":1,"minecraft:wooden_pickaxe":42,"minecraft:dirt":18,"minecraft:mutton":1,"minecraft:crafting_table":3,"minecraft:furnace":1},"minecraft:dropped":{"minecraft:oak_log":1,"minecraft:cobblestone":42},"minecraft:custom":{"minecraft:time_since_rest":14755,"minecraft:interact_with_furnace":4,"minecraft:sprint_one_cm":52884,"minecraft:damage_taken":1186,"minecraft:walk_one_cm":75806,"minecraft:mob_kills":7,"minecraft:drop":2,"minecraft:damage_dealt":686,"minecraft:interact_with_crafting_table":9,"minecraft:fly_one_cm":85987,"minecraft:crouch_one_cm":864,"minecraft:play_time":34761,"minecraft:deaths":3,"minecraft:sneak_time":382,"minecraft:jump":558,"minecraft:damage_dealt_resisted":109,"minecraft:leave_game":1,"minecraft:time_since_death":14727,"minecraft:total_world_time":34761,"minecraft:fall_one_cm":19206},"minecraft:killed":{"minecraft:sheep":5,"minecraft:chicken":1},"minecraft:crafted":{"minecraft:oak_planks":8,"minecraft:crafting_table":1,"minecraft:stick":4,"minecraft:wooden_pickaxe":1,"minecraft:furnace":1,"minecraft:birch_planks":28,"minecraft:cooked_mutton":3},"minecraft:picked_up":{"minecraft:birch_log":10,"minecraft:stick":1,"minecraft:crafting_table":2,"scalinghealth:heart_crystal_shard":5,"minecraft:chicken":1,"vampirism:item_tent":1,"minecraft:oak_log":3,"minecraft:dirt":23,"minecraft:wheat_seeds":2,"minecraft:gray_wool":1,"minecraft:oak_sapling":2,"minecraft:black_wool":1,"minecraft:mutton":6,"minecraft:oak_planks":1,"minecraft:white_wool":3,"minecraft:cobblestone":74,"minecraft:egg":1},"minecraft:killed_by":{"vampirism:advanced_vampire":1,"vampirism:vampire":1,"minecraft:creeper":1},"minecraft:mined":{"minecraft:birch_log":10,"vampirism:tent":1,"minecraft:crafting_table":2,"minecraft:grass":19,"minecraft:grass_block":10,"minecraft:oak_log":3,"minecraft:dirt":12,"minecraft:tall_grass":4,"minecraft:stone":42,"minecraft:oak_leaves":2}},"DataVersion":3465}