{"stats":{"minecraft:used":{"minecraft:dirt":12,"minecraft:crafting_table":1,"minecraft:chicken":1},"minecraft:dropped":{"minecraft:oak_log":1},"minecraft:custom":{"minecraft:deaths":3,"minecraft:time_since_rest":2755,"minecraft:crouch_one_cm":864,"minecraft:sprint_one_cm":47854,"minecraft:play_time":22761,"minecraft:damage_taken":976,"minecraft:walk_one_cm":36520,"minecraft:sneak_time":332,"minecraft:mob_kills":3,"minecraft:drop":1,"minecraft:damage_dealt_resisted":86,"minecraft:jump":415,"minecraft:damage_dealt":330,"minecraft:leave_game":1,"minecraft:time_since_death":2727,"minecraft:total_world_time":22761,"minecraft:interact_with_crafting_table":6,"minecraft:fall_one_cm":15091,"minecraft:fly_one_cm":75839},"minecraft:killed":{"minecraft:sheep":1,"minecraft:chicken":1},"minecraft:crafted":{"minecraft:oak_planks":8,"minecraft:crafting_table":1,"minecraft:stick":4},"minecraft:picked_up":{"minecraft:stick":1,"minecraft:crafting_table":1,"minecraft:chicken":1,"minecraft:wheat_seeds":1,"minecraft:oak_log":3,"minecraft:oak_sapling":2,"minecraft:black_wool":1,"minecraft:mutton":1,"minecraft:dirt":16,"minecraft:egg":1},"minecraft:killed_by":{"vampirism:vampire":1,"minecraft:creeper":1,"vampirism:advanced_vampire":1},"minecraft:mined":{"minecraft:grass":15,"minecraft:grass_block":7,"minecraft:oak_log":3,"minecraft:dirt":9,"minecraft:tall_grass":4,"minecraft:oak_leaves":2,"minecraft:crafting_table":1}},"DataVersion":3465}