{"stats":{"minecraft:crafted":{"minecraft:oak_planks":16,"minecraft:iron_chestplate":1,"minecraft:shield":1,"minecraft:iron_axe":1,"minecraft:crafting_table":1,"minecraft:stick":12,"minecraft:iron_ingot":22,"minecraft:wooden_pickaxe":1,"minecraft:iron_pickaxe":1,"minecraft:stone_pickaxe":1,"minecraft:iron_leggings":1,"minecraft:furnace":1,"minecraft:acacia_planks":24,"minecraft:stone_axe":1,"minecraft:air":0},"minecraft:used":{"alexsmobs:maggot":2,"minecraft:iron_axe":3,"minecraft:stone_pickaxe":36,"minecraft:iron_pickaxe":5,"minecraft:wooden_pickaxe":7,"minecraft:leather_chestplate":1,"minecraft:iron_chestplate":1,"minecraft:stone_axe":1,"minecraft:cobblestone":1,"minecraft:crafting_table":1,"minecraft:furnace":1,"minecraft:acacia_planks":5,"minecraft:iron_leggings":1},"minecraft:mined":{"minecraft:acacia_leaves":57,"minecraft:iron_ore":29,"minecraft:grass":1,"minecraft:acacia_log":7,"minecraft:oak_log":4,"minecraft:coal_ore":9,"minecraft:stone":23,"minecraft:oak_leaves":21},"minecraft:killed":{"naturalist:snail":1,"alexsmobs:fly":2,"naturalist:robin":1},"minecraft:dropped":{"minecraft:leather_chestplate":1,"minecraft:stone_axe":1,"simpletomb:grave_key":1,"minecraft:oak_sapling":2,"minecraft:stone_pickaxe":1,"minecraft:wooden_pickaxe":1},"minecraft:custom":{"minecraft:time_since_rest":12540,"minecraft:interact_with_furnace":10,"minecraft:sprint_one_cm":18365,"minecraft:damage_taken":300,"minecraft:walk_one_cm":28303,"minecraft:mob_kills":4,"minecraft:drop":7,"minecraft:damage_dealt":120,"minecraft:interact_with_crafting_table":11,"minecraft:fly_one_cm":30592,"minecraft:crouch_one_cm":6601,"minecraft:play_time":16426,"minecraft:deaths":1,"minecraft:sneak_time":1412,"minecraft:jump":245,"minecraft:leave_game":3,"minecraft:time_since_death":12510,"minecraft:total_world_time":16426,"minecraft:fall_one_cm":12214},"minecraft:picked_up":{"minecraft:feather":2,"minecraft:leather_chestplate":1,"minecraft:stick":1,"minecraft:raw_iron":29,"patchouli:guide_book":1,"alexsmobs:acacia_blossom":1,"minecraft:acacia_log":6,"minecraft:oak_log":4,"minecraft:wheat_seeds":1,"alexsmobs:maggot":2,"minecraft:oak_sapling":2,"minecraft:coal":9,"minecraft:cobblestone":22}},"DataVersion":3465}