{"stats":{"minecraft:picked_up":{"minecraft:stick":1,"minecraft:raw_iron":18,"minecraft:leather_chestplate":1,"patchouli:guide_book":1,"alexsmobs:acacia_blossom":1,"minecraft:acacia_log":6,"minecraft:oak_log":4,"minecraft:wheat_seeds":1,"minecraft:oak_sapling":2,"minecraft:coal":1,"minecraft:cobblestone":15},"minecraft:dropped":{"minecraft:leather_chestplate":1,"simpletomb:grave_key":1,"minecraft:oak_sapling":2,"minecraft:wooden_pickaxe":1},"minecraft:custom":{"minecraft:time_since_rest":7138,"minecraft:interact_with_furnace":1,"minecraft:sprint_one_cm":10852,"minecraft:damage_taken":300,"minecraft:walk_one_cm":18974,"minecraft:mob_kills":1,"minecraft:drop":5,"minecraft:damage_dealt":20,"minecraft:interact_with_crafting_table":4,"minecraft:fly_one_cm":20572,"minecraft:crouch_one_cm":5199,"minecraft:play_time":11024,"minecraft:deaths":1,"minecraft:sneak_time":1100,"minecraft:jump":161,"minecraft:leave_game":3,"minecraft:time_since_death":7108,"minecraft:total_world_time":11024,"minecraft:fall_one_cm":9739},"minecraft:crafted":{"minecraft:oak_planks":16,"minecraft:crafting_table":1,"minecraft:stick":8,"minecraft:wooden_pickaxe":1,"minecraft:stone_pickaxe":1,"minecraft:furnace":1,"minecraft:acacia_planks":24,"minecraft:stone_axe":1},"minecraft:killed":{"naturalist:snail":1},"minecraft:used":{"minecraft:stone_pickaxe":24,"minecraft:leather_chestplate":1,"minecraft:wooden_pickaxe":7,"minecraft:stone_axe":1,"minecraft:cobblestone":1,"minecraft:crafting_table":1,"minecraft:furnace":1,"minecraft:acacia_planks":5},"minecraft:mined":{"minecraft:acacia_leaves":57,"minecraft:iron_ore":18,"minecraft:grass":1,"minecraft:acacia_log":7,"minecraft:oak_log":4,"minecraft:coal_ore":1,"minecraft:stone":16,"minecraft:oak_leaves":21}},"DataVersion":3465}