{"stats":{"minecraft:dropped":{"minecraft:wheat_seeds":1},"minecraft:mined":{"minecraft:grass":6,"minecraft:acacia_log":7,"minecraft:grass_block":2},"minecraft:custom":{"minecraft:jump":53,"minecraft:time_since_rest":4371,"minecraft:damage_dealt":20,"minecraft:crouch_one_cm":121,"minecraft:sprint_one_cm":7909,"minecraft:play_time":4371,"minecraft:walk_on_water_one_cm":298,"minecraft:time_since_death":4371,"minecraft:walk_one_cm":5263,"minecraft:sneak_time":45,"minecraft:total_world_time":4371,"minecraft:walk_under_water_one_cm":362,"minecraft:fall_one_cm":1045,"minecraft:drop":1,"minecraft:fly_one_cm":10466},"minecraft:picked_up":{"minecraft:acacia_log":7,"minecraft:wheat_seeds":1,"minecraft:dirt":2}},"DataVersion":3465}