{"stats":{"minecraft:dropped":{"minecraft:wheat_seeds":1},"minecraft:killed":{"minecraft:sheep":2,"minecraft:pig":4},"minecraft:mined":{"minecraft:furnace":1,"minecraft:iron_ore":3,"minecraft:crafting_table":2,"minecraft:grass":12,"minecraft:acacia_log":31,"minecraft:grass_block":6,"minecraft:dirt":9,"minecraft:stone":12},"minecraft:custom":{"minecraft:time_since_rest":28371,"minecraft:sprint_one_cm":93954,"minecraft:interact_with_furnace":3,"minecraft:damage_taken":260,"minecraft:walk_one_cm":45300,"minecraft:mob_kills":6,"minecraft:drop":1,"minecraft:damage_dealt":607,"minecraft:interact_with_crafting_table":5,"minecraft:swim_one_cm":1271,"minecraft:fly_one_cm":77174,"minecraft:open_chest":5,"minecraft:crouch_one_cm":2679,"minecraft:play_time":28371,"minecraft:sneak_time":585,"minecraft:walk_under_water_one_cm":4926,"minecraft:jump":410,"minecraft:walk_on_water_one_cm":5822,"minecraft:time_since_death":28371,"minecraft:total_world_time":28371,"minecraft:fall_one_cm":5556},"minecraft:crafted":{"minecraft:cooked_porkchop":7,"minecraft:crafting_table":1,"minecraft:stick":12,"minecraft:wooden_pickaxe":1,"minecraft:stone_pickaxe":1,"minecraft:wooden_axe":1,"minecraft:furnace":1,"minecraft:acacia_planks":28,"minecraft:air":0},"minecraft:used":{"minecraft:wooden_axe":38,"minecraft:stone_pickaxe":3,"minecraft:wooden_pickaxe":13,"minecraft:crafting_table":2,"minecraft:furnace":1,"minecraft:cooked_porkchop":4,"minecraft:acacia_sapling":1},"minecraft:picked_up":{"minecraft:raw_iron":3,"minecraft:crafting_table":2,"minecraft:acacia_log":31,"minecraft:porkchop":9,"minecraft:dirt":13,"minecraft:wheat_seeds":1,"minecraft:mutton":4,"minecraft:acacia_sapling":1,"minecraft:white_wool":2,"minecraft:cobblestone":12,"minecraft:furnace":1}},"DataVersion":3465}