{"stats":{"minecraft:dropped":{"minecraft:wheat_seeds":1},"minecraft:killed":{"minecraft:pig":3},"minecraft:mined":{"minecraft:furnace":1,"minecraft:crafting_table":1,"minecraft:grass":8,"minecraft:acacia_log":7,"minecraft:grass_block":5,"minecraft:dirt":7,"minecraft:stone":12},"minecraft:custom":{"minecraft:time_since_rest":16371,"minecraft:sprint_one_cm":40791,"minecraft:interact_with_furnace":3,"minecraft:damage_taken":240,"minecraft:walk_one_cm":25838,"minecraft:mob_kills":3,"minecraft:drop":1,"minecraft:damage_dealt":357,"minecraft:interact_with_crafting_table":3,"minecraft:swim_one_cm":1024,"minecraft:fly_one_cm":39646,"minecraft:crouch_one_cm":238,"minecraft:play_time":16371,"minecraft:sneak_time":54,"minecraft:walk_under_water_one_cm":1181,"minecraft:jump":188,"minecraft:walk_on_water_one_cm":3134,"minecraft:time_since_death":16371,"minecraft:total_world_time":16371,"minecraft:fall_one_cm":2717},"minecraft:crafted":{"minecraft:cooked_porkchop":7,"minecraft:crafting_table":1,"minecraft:stick":12,"minecraft:wooden_pickaxe":1,"minecraft:wooden_axe":1,"minecraft:furnace":1,"minecraft:acacia_planks":28,"minecraft:air":0},"minecraft:used":{"minecraft:wooden_axe":6,"minecraft:wooden_pickaxe":13,"minecraft:crafting_table":1,"minecraft:furnace":1,"minecraft:cooked_porkchop":2},"minecraft:picked_up":{"minecraft:crafting_table":1,"minecraft:acacia_log":7,"minecraft:porkchop":7,"minecraft:dirt":12,"minecraft:wheat_seeds":1,"minecraft:cobblestone":12,"minecraft:furnace":1}},"DataVersion":3465}