{"stats":{"minecraft:used":{"minecraft:wooden_axe":4,"minecraft:crafting_table":1},"minecraft:custom":{"minecraft:time_since_rest":4114,"minecraft:crouch_one_cm":820,"minecraft:play_time":4114,"minecraft:sprint_one_cm":8214,"minecraft:damage_taken":210,"minecraft:walk_one_cm":6339,"minecraft:sneak_time":350,"minecraft:mob_kills":1,"minecraft:jump":75,"minecraft:damage_dealt":200,"minecraft:leave_game":1,"minecraft:time_since_death":4114,"minecraft:total_world_time":4114,"minecraft:fall_one_cm":4050,"minecraft:interact_with_crafting_table":1,"minecraft:fly_one_cm":14660},"minecraft:killed":{"minecraft:zombie":1},"minecraft:crafted":{"minecraft:birch_planks":16,"minecraft:crafting_table":1,"minecraft:stick":4,"minecraft:wooden_pickaxe":1,"minecraft:wooden_axe":1},"minecraft:picked_up":{"minecraft:birch_log":4,"minecraft:crafting_table":1},"minecraft:mined":{"minecraft:birch_log":4,"minecraft:crafting_table":1}},"DataVersion":3465}