{"stats":{"minecraft:mined":{"minecraft:acacia_log":4,"minecraft:grass_block":1,"minecraft:acacia_leaves":2,"minecraft:dirt":2},"minecraft:custom":{"minecraft:jump":27,"minecraft:time_since_rest":3163,"minecraft:damage_dealt":24,"minecraft:crouch_one_cm":276,"minecraft:sprint_one_cm":2333,"minecraft:play_time":3163,"minecraft:damage_taken":100,"minecraft:time_since_death":3163,"minecraft:walk_one_cm":2943,"minecraft:sneak_time":154,"minecraft:total_world_time":3163,"minecraft:fall_one_cm":2277,"minecraft:fly_one_cm":5276},"minecraft:picked_up":{"minecraft:acacia_log":4,"minecraft:dirt":3},"minecraft:used":{"minecraft:dirt":1,"minecraft:acacia_log":1}},"DataVersion":3465}