{"stats":{"minecraft:killed":{"minecraft:sheep":1,"minecraft:pig":2,"minecraft:cow":1},"minecraft:mined":{"minecraft:acacia_leaves":2,"minecraft:furnace":1,"minecraft:iron_ore":3,"minecraft:crafting_table":2,"minecraft:grass":3,"minecraft:acacia_log":13,"minecraft:grass_block":2,"minecraft:coal_ore":17,"minecraft:dirt":2,"minecraft:stone":27},"minecraft:custom":{"minecraft:time_since_rest":11400,"minecraft:interact_with_furnace":2,"minecraft:sprint_one_cm":23416,"minecraft:damage_taken":110,"minecraft:walk_one_cm":18339,"minecraft:mob_kills":4,"minecraft:damage_dealt":462,"minecraft:interact_with_crafting_table":5,"minecraft:fly_one_cm":33133,"minecraft:open_chest":1,"minecraft:crouch_one_cm":4445,"minecraft:play_time":11400,"minecraft:sneak_time":1260,"minecraft:walk_under_water_one_cm":508,"minecraft:jump":181,"minecraft:leave_game":1,"minecraft:time_since_death":11400,"minecraft:walk_on_water_one_cm":385,"minecraft:total_world_time":11400,"minecraft:fall_one_cm":6782},"minecraft:crafted":{"minecraft:crafting_table":1,"minecraft:stick":16,"minecraft:wooden_pickaxe":1,"minecraft:iron_ingot":3,"minecraft:stone_pickaxe":1,"minecraft:chest":2,"minecraft:furnace":1,"minecraft:acacia_planks":52,"minecraft:stone_axe":1,"minecraft:air":0},"minecraft:used":{"minecraft:acacia_log":1,"minecraft:stone_pickaxe":39,"minecraft:chest":2,"minecraft:wooden_pickaxe":10,"minecraft:stone_axe":11,"minecraft:dirt":17,"minecraft:cobblestone":9,"minecraft:beef":2,"minecraft:crafting_table":3,"minecraft:porkchop":2,"minecraft:furnace":1},"minecraft:picked_up":{"minecraft:crafting_table":2,"minecraft:raw_iron":3,"minecraft:leather":2,"minecraft:acacia_log":14,"minecraft:porkchop":4,"minecraft:dirt":18,"minecraft:beef":2,"minecraft:mutton":1,"minecraft:coal":33,"minecraft:white_wool":1,"minecraft:cobblestone":27,"minecraft:furnace":1}},"DataVersion":3465}