{"stats":{"minecraft:custom":{"minecraft:jump":128,"minecraft:time_since_rest":9322,"minecraft:damage_dealt":89,"minecraft:leave_game":2,"minecraft:play_time":9322,"minecraft:sprint_one_cm":7867,"minecraft:damage_taken":298,"minecraft:time_since_death":9322,"minecraft:walk_one_cm":17590,"minecraft:sneak_time":14,"minecraft:total_world_time":9322,"minecraft:fall_one_cm":2286,"minecraft:fly_one_cm":82372},"minecraft:picked_up":{"minecraft:oak_log":5,"minecraft:iron_shovel":1,"minecraft:bone":2,"minecraft:rotten_flesh":1},"minecraft:mined":{"minecraft:grass":2,"minecraft:oak_log":5,"minecraft:bee_nest":1}},"DataVersion":3465}