{"stats":{"minecraft:used":{"minecraft:stone_pickaxe":16,"minecraft:stone_axe":32,"minecraft:mutton":2,"minecraft:crafting_table":1,"minecraft:gray_wool":1},"minecraft:dropped":{"minecraft:gray_wool":1,"minecraft:cobblestone":32},"minecraft:custom":{"minecraft:time_since_rest":2756,"minecraft:sprint_one_cm":25839,"minecraft:damage_taken":640,"minecraft:walk_one_cm":43347,"minecraft:mob_kills":15,"minecraft:drop":3,"minecraft:damage_dealt":1823,"minecraft:interact_with_crafting_table":1,"minecraft:fly_one_cm":113216,"minecraft:play_time":17258,"minecraft:deaths":1,"minecraft:sneak_time":14,"minecraft:jump":345,"minecraft:damage_dealt_resisted":250,"minecraft:leave_game":2,"minecraft:time_since_death":2725,"minecraft:total_world_time":17258,"minecraft:fall_one_cm":11013},"minecraft:killed":{"minecraft:sheep":5,"minecraft:pig":4,"minecraft:chicken":1,"minecraft:cow":4},"minecraft:crafted":{"minecraft:oak_planks":20,"minecraft:crafting_table":1,"minecraft:stick":8,"minecraft:stone_pickaxe":1,"minecraft:stone_axe":1},"minecraft:picked_up":{"minecraft:crafting_table":1,"minecraft:feather":2,"minecraft:chicken":1,"minecraft:leather":6,"minecraft:porkchop":8,"minecraft:oak_log":5,"minecraft:iron_shovel":1,"minecraft:bone":2,"minecraft:rotten_flesh":1,"minecraft:beef":10,"minecraft:gray_wool":3,"minecraft:mutton":4,"minecraft:white_wool":2,"minecraft:cobblestone":56},"minecraft:mined":{"minecraft:bee_nest":1,"minecraft:crafting_table":1,"minecraft:grass":6,"minecraft:grass_block":1,"minecraft:oak_log":5,"minecraft:stone":15}},"DataVersion":3465}