{"stats":{"minecraft:used":{"alexsmobs:animal_dictionary":1},"minecraft:mined":{"minecraft:stone":1},"minecraft:dropped":{"minecraft:leather_chestplate":1,"patchouli:guide_book":1},"minecraft:custom":{"minecraft:jump":99,"minecraft:time_since_rest":18774,"minecraft:leave_game":1,"minecraft:play_time":18774,"minecraft:crouch_one_cm":229,"minecraft:sprint_one_cm":9217,"minecraft:damage_taken":10,"minecraft:time_since_death":18774,"minecraft:walk_one_cm":14584,"minecraft:sneak_time":67,"minecraft:total_world_time":18774,"minecraft:fall_one_cm":1440,"minecraft:drop":2,"minecraft:fly_one_cm":7745},"minecraft:picked_up":{"minecraft:leather_chestplate":1}},"DataVersion":3465}