{"stats":{"minecraft:picked_up":{"minecraft:leather_chestplate":1},"minecraft:dropped":{"minecraft:leather_chestplate":1,"patchouli:guide_book":1},"minecraft:custom":{"minecraft:jump":99,"minecraft:time_since_rest":13589,"minecraft:leave_game":1,"minecraft:crouch_one_cm":229,"minecraft:sprint_one_cm":9217,"minecraft:play_time":13589,"minecraft:damage_taken":10,"minecraft:time_since_death":13589,"minecraft:walk_one_cm":14577,"minecraft:sneak_time":67,"minecraft:total_world_time":13589,"minecraft:drop":2,"minecraft:fall_one_cm":1440,"minecraft:fly_one_cm":7745},"minecraft:mined":{"minecraft:stone":1},"minecraft:used":{"alexsmobs:animal_dictionary":1}},"DataVersion":3465}