{"stats":{"minecraft:killed":{"minecraft:sheep":1},"minecraft:mined":{"minecraft:grass":13,"minecraft:grass_block":3,"minecraft:oak_log":4,"minecraft:tall_grass":1},"minecraft:custom":{"minecraft:time_since_rest":8634,"minecraft:open_chest":1,"minecraft:crouch_one_cm":533,"minecraft:sprint_one_cm":7126,"minecraft:play_time":8634,"minecraft:damage_taken":10,"minecraft:walk_one_cm":8003,"minecraft:sneak_time":122,"minecraft:mob_kills":1,"minecraft:jump":55,"minecraft:damage_dealt":78,"minecraft:leave_game":1,"minecraft:time_since_death":8634,"minecraft:total_world_time":8634,"minecraft:fall_one_cm":1939,"minecraft:fly_one_cm":10173},"minecraft:picked_up":{"minecraft:oak_log":4,"minecraft:mutton":1,"minecraft:white_wool":1,"minecraft:dirt":3}},"DataVersion":3465}